Total_node,Map_size_x,Map_size_y,Radius,Max_speed,Max_wait,Max_Khronos,One_frame,HELLO_period,EGF_Trials,SF_Check,Exec_EGF,EGF_Depth,Artificial_Maps,Cell_Division,VZ_Count,Node_Count,Reachability_SF,Reachability_GF,Reachability_EGF,H_AVE_GF,H_AVE_EGF,R/H_GF,R/H_EGF
20,1000000,1000000,250000,0,3000,10000,200,2000,200,1,10000,2,0,0,0,20-20,200,140,165,7.51428571429,8.58787878788,18.6311787072,19.2131263232
Total_node,Map_size_x,Map_size_y,Radius,Max_speed,Max_wait,Max_Khronos,One_frame,HELLO_period,EGF_Trials,SF_Check,Exec_EGF,EGF_Depth,Artificial_Maps,Cell_Division,VZ_Count,Node_Count,Reachability_SF,Reachability_GF,Reachability_EGF,H_AVE_GF,H_AVE_EGF,R/H_GF,R/H_EGF
30,1000000,1000000,250000,0,3000,10000,200,2000,200,1,10000,2,0,0,0,30-30,200,118,158,7.43220338983,8.60126582278,15.8768529076,18.3693892568
Total_node,Map_size_x,Map_size_y,Radius,Max_speed,Max_wait,Max_Khronos,One_frame,HELLO_period,EGF_Trials,SF_Check,Exec_EGF,EGF_Depth,Artificial_Maps,Cell_Division,VZ_Count,Node_Count,Reachability_SF,Reachability_GF,Reachability_EGF,H_AVE_GF,H_AVE_EGF,R/H_GF,R/H_EGF
40,1000000,1000000,250000,0,3000,10000,200,2000,200,1,10000,2,0,0,0,40-40,200,136,175,7.24264705882,8.32571428571,18.7776649746,21.0192175704
Total_node,Map_size_x,Map_size_y,Radius,Max_speed,Max_wait,Max_Khronos,One_frame,HELLO_period,EGF_Trials,SF_Check,Exec_EGF,EGF_Depth,Artificial_Maps,Cell_Division,VZ_Count,Node_Count,Reachability_SF,Reachability_GF,Reachability_EGF,H_AVE_GF,H_AVE_EGF,R/H_GF,R/H_EGF
20,1000000,1000000,250000,0,3000,10000,200,2000,200,0,10000,2,0,0,0,20-20,3,2,2,8.0,9.0,0.25,0.222222222222
